{"trial_number": 22, "valid_f1": 0.48333333333333334, "params": {"max_depth": 10, "learning_rate": 0.12492173327383822, "n_estimators": 400, "subsample": 0.7055175764425393, "colsample_bytree": 0.8030493772719665, "gamma": 0.9045259609699283, "min_child_weight": 4}}