{"trial_number": 6, "valid_f1": 0.39344262295081966, "params": {"max_depth": 3, "learning_rate": 0.22038218939289875, "n_estimators": 140, "subsample": 0.8650089137415928, "colsample_bytree": 0.7246844304357644, "gamma": 2.600340105889054, "min_child_weight": 6}}