{"trial_number": 41, "valid_f1": 0.5368421052631579, "params": {"max_depth": 10, "learning_rate": 0.2530369717169393, "n_estimators": 198, "subsample": 0.741561721082868, "colsample_bytree": 0.7749125314385653, "gamma": 0.45764547572918896, "min_child_weight": 5}}